dataset,n,min_duration,median_duration,mean_duration,max_duration
train,2383,-0.7235381958267558,1.275587740517561,1.3531925122740946,3.5293854338794306
test,988,-0.5670307091255943,1.2897645882011974,1.330190264984658,3.5112393260729666
