n,min_duration,q1_duration,median_duration,mean_duration,q3_duration,max_duration
3371,-0.7235381958267558,0.7274598903863624,1.283097605437225,1.3464508272186324,1.9537824488169493,3.5293854338794306
