model,rmse,rsq,mae
Linear Regression,0.6183846119907086,0.4824763026915924,0.4698590342149585
Random Forest Regressor,0.6097781116440991,0.500546845378344,0.4586301806177472
