sf,strategy,n_compared_queries,median_elapsed_N2,median_elapsed_N5,median_node_scaling_speedup,mean_node_scaling_speedup,median_time_reduction_pct,mean_time_reduction_pct,median_scaling_efficiency,pct_N5_faster,pct_N2_faster,pct_similar
10,D1,225,3.238,3.662,0.9717918156535558,1.0184516865343196,-2.9026982829108783,-47.28228299189353,0.3887167262614223,17.333333333333336,42.66666666666667,40
10,D2,221,3.453,3.159,1.0047480893324483,1.5843232530752132,0.47256515168921825,5.08391449904037,0.4018992357329793,33.4841628959276,31.674208144796378,34.841628959276015
50,D1,220,18.1955,16.5835,1.0135740923147138,1.3176928770169707,1.3392303895822777,3.583483211963583,0.4054296369258856,38.63636363636363,29.09090909090909,32.27272727272727
50,D2,217,16.005,14.641,1.0579331941544887,1.6501194876461298,5.476073014306867,15.693656588071068,0.42317327766179547,52.995391705069125,7.373271889400922,39.63133640552996
100,D1,217,71.553,72.493,0.9728258980804653,1.0059050670298693,-2.7933160469055553,-56.541289038598066,0.3891303592321861,31.797235023041477,46.08294930875576,22.119815668202765
100,D2,214,62.991,82.236,0.9158901726230083,1.0333444671103025,-9.195758424558084,-82.9491638098561,0.3663560690492033,32.242990654205606,53.271028037383175,14.485981308411214
