sf,workers,d1_scenario,d2_scenario,n_pairs,median_d1,median_d2,median_ratio_d2_over_d1,p_value,p_value_holm,significant_holm,rank_biserial,effect_magnitude
10,2,SF10_N2_D1,SF10_N2_D2,216,3.239,3.511,1.084,0.1323199635964541,0.2646399271929082,FALSE,0.118,small
10,5,SF10_N5_D1,SF10_N5_D2,216,3.663,3.18,0.868,1.0260865971191187e-11,5.1304329855955936e-11,TRUE,0.535,very large
50,2,SF50_N2_D1,SF50_N2_D2,211,18.048,16.005,0.887,1.1245453381492693e-5,4.498181352597077e-5,TRUE,0.349,large
50,5,SF50_N5_D1,SF50_N5_D2,211,16.526,13.546,0.82,3.0269666220583485e-15,1.816179973235009e-14,TRUE,0.626,very large
100,2,SF100_N2_D1,SF100_N2_D2,207,68.239,62.865,0.921,0.0725274190968431,0.2175822572905293,FALSE,0.144,small
100,5,SF100_N5_D1,SF100_N5_D2,208,73.499,82.923,1.128,0.426901679145789,0.426901679145789,FALSE,-0.064,very small
