sf,workers,d1_scenario,d2_scenario,n_pairs,both_success,d1_success_d2_fail,d1_fail_d2_success,both_fail,statistic_chi_square,p_value,p_value_holm,significant_holm,discordant_or
10,2,SF10_N2_D1,SF10_N2_D2,250,216,9,5,20,1.1428571428571428,0.28504940740261275,1,FALSE,1.8
10,5,SF10_N5_D1,SF10_N5_D2,250,216,9,5,20,1.1428571428571428,0.28504940740261275,1,FALSE,1.8
50,2,SF50_N2_D1,SF50_N2_D2,250,211,9,6,24,0.6,0.4385780260809999,1,FALSE,1.5
50,5,SF50_N5_D1,SF50_N5_D2,250,211,9,6,24,0.6,0.4385780260809999,1,FALSE,1.5
100,2,SF100_N2_D1,SF100_N2_D2,250,207,10,8,25,0.2222222222222222,0.6373518882339371,1,FALSE,1.25
100,5,SF100_N5_D1,SF100_N5_D2,250,208,10,6,26,1,0.31731050786291415,1,FALSE,1.6666666666666667
